user_id:token	item_id:token
0	5
0	298
0	53
0	885
0	452
0	374
0	658
0	750
0	448
0	277
1	964
1	960
1	366
1	582
1	455
1	233
1	161
1	438
1	383
1	55
2	475
2	960
2	177
2	902
2	414
2	728
2	618
2	233
2	55
2	383
3	177
3	728
3	475
3	151
3	414
3	422
3	366
3	111
3	456
3	455
4	475
4	177
4	446
4	850
4	902
4	728
4	960
4	414
4	878
4	670
5	19
5	475
5	728
5	177
5	960
5	902
5	161
5	446
5	456
5	414
6	177
6	414
6	583
6	475
6	728
6	840
6	438
6	697
6	295
6	878
7	475
7	902
7	177
7	80
7	799
7	728
7	414
7	618
7	960
7	850
8	177
8	611
8	964
8	902
8	233
8	776
8	181
8	728
8	475
8	848
9	177
9	414
9	475
9	902
9	728
9	366
9	960
9	775
9	799
9	133
10	604
10	475
10	29
10	728
10	177
10	618
10	960
10	902
10	414
10	233
11	475
11	728
11	850
11	177
11	960
11	446
11	19
11	414
11	618
11	582
12	446
12	177
12	29
12	885
12	850
12	960
12	383
12	618
12	660
12	450
13	181
13	475
13	29
13	728
13	414
13	177
13	902
13	446
13	850
13	799
14	414
14	181
14	776
14	960
14	397
14	366
14	151
14	848
14	161
14	799
15	29
15	535
15	728
15	475
15	960
15	177
15	446
15	902
15	513
15	455
16	966
16	604
16	728
16	233
16	566
16	446
16	960
16	475
16	145
16	414
17	177
17	475
17	728
17	850
17	151
17	960
17	618
17	450
17	456
17	233
18	475
18	728
18	177
18	535
18	29
18	566
18	414
18	902
18	960
18	434
19	960
19	885
19	177
19	475
19	728
19	799
19	473
19	850
19	618
19	933
20	177
20	728
20	422
20	168
20	582
20	178
20	55
20	513
20	684
20	775
21	177
21	475
21	29
21	80
21	414
21	776
21	728
21	55
21	960
21	618
22	776
22	446
22	181
22	885
22	455
22	366
22	902
22	473
22	964
22	850
23	298
23	939
23	93
23	417
23	727
23	80
23	777
23	422
23	178
23	964
24	728
24	475
24	450
24	414
24	456
24	850
24	422
24	145
24	168
24	455
25	181
25	850
25	895
25	645
25	684
25	422
25	233
25	731
25	687
25	761
26	93
26	578
26	848
26	566
26	847
26	895
26	80
26	891
26	485
26	731
27	848
27	178
27	422
27	869
27	434
27	513
27	168
27	107
27	670
27	531
28	891
28	578
28	181
28	178
28	422
28	761
28	895
28	727
28	434
28	847
29	80
29	687
29	525
29	847
29	161
29	895
29	848
29	434
29	397
29	720
30	966
30	728
30	29
30	177
30	878
30	366
30	55
30	960
30	455
30	902
31	161
31	340
31	434
31	422
31	912
31	777
31	566
31	181
31	869
31	891
32	964
32	397
32	337
32	848
32	422
32	450
32	181
32	720
32	869
32	161
33	337
33	422
33	707
33	891
33	848
33	720
33	434
33	151
33	775
33	450
34	417
34	298
34	939
34	96
34	891
34	422
34	869
34	233
34	848
34	93
35	337
35	578
35	161
35	720
35	964
35	848
35	776
35	799
35	761
35	582
36	80
36	337
36	245
36	107
36	181
36	847
36	707
36	869
36	566
36	912
37	80
37	181
37	847
37	850
37	582
37	964
37	455
37	107
37	848
37	895
38	55
38	428
38	422
38	878
38	846
38	80
38	935
38	840
38	107
38	383
39	687
39	337
39	891
39	161
39	869
39	776
39	181
39	422
39	848
39	847
40	939
40	181
40	337
40	578
40	566
40	895
40	340
40	847
40	434
40	777
41	578
41	455
41	848
41	181
41	422
41	566
41	525
41	450
41	720
41	233
42	475
42	850
42	80
42	177
42	233
42	960
42	473
42	618
42	414
42	19
43	422
43	566
43	720
43	181
43	397
43	848
43	850
43	19
43	455
43	777
44	398
44	475
44	177
44	428
44	55
44	414
44	29
44	846
44	525
44	446
45	604
45	177
45	475
45	728
45	414
45	960
45	902
45	366
45	618
45	473
46	181
46	776
46	397
46	525
46	933
46	775
46	850
46	55
46	761
46	107
47	578
47	525
47	847
47	566
47	434
47	181
47	707
47	776
47	337
47	964
48	707
48	434
48	578
48	776
48	848
48	850
48	397
48	964
48	847
48	869
49	80
49	645
49	939
49	578
49	566
49	107
49	848
49	777
49	731
49	799
50	96
50	960
50	245
50	933
50	308
50	720
50	514
50	566
50	434
50	846
51	707
51	775
51	53
51	448
51	964
51	138
51	720
51	854
51	434
51	107
52	891
52	566
52	720
52	434
52	531
52	422
52	847
52	900
52	777
52	107
53	161
53	452
53	455
53	578
53	727
53	964
53	707
53	566
53	776
53	912
54	96
54	245
54	566
54	337
54	434
54	525
54	775
54	573
54	161
54	340
55	854
55	298
55	455
55	337
55	161
55	434
55	745
55	776
55	566
55	775
56	891
56	869
56	448
56	374
56	900
56	422
56	566
56	799
56	397
56	417
57	854
57	604
57	728
57	891
57	98
57	475
57	20
57	366
57	720
57	446
58	475
58	64
58	592
58	606
58	535
58	816
58	604
58	966
58	398
58	446
59	181
59	337
59	777
59	776
59	340
59	417
59	531
59	566
59	745
59	71
60	80
60	161
60	337
60	848
60	776
60	869
60	891
60	720
60	940
60	761
61	64
61	119
61	55
61	78
61	606
61	745
61	242
61	53
61	592
61	779
62	383
62	138
62	343
62	475
62	604
62	333
62	305
62	455
62	446
62	177
63	80
63	728
63	604
63	885
63	343
63	177
63	29
63	475
63	446
63	535
64	854
64	448
64	727
64	847
64	417
64	96
64	964
64	245
64	80
64	22
65	611
65	277
65	966
65	29
65	235
65	885
65	604
65	592
65	64
65	728
66	550
66	885
66	235
66	428
66	966
66	78
66	816
66	939
66	473
66	374
67	960
67	181
67	397
67	775
67	776
67	846
67	964
67	933
67	161
67	151
68	161
68	626
68	615
68	88
68	604
68	708
68	850
68	343
68	448
68	298
69	779
69	933
69	96
69	298
69	727
69	849
69	578
69	80
69	830
69	337
70	80
70	578
70	847
70	340
70	939
70	964
70	111
70	434
70	940
70	720
71	64
71	151
71	551
71	849
71	578
71	662
71	556
71	892
71	93
71	417
72	725
72	98
72	796
72	708
72	653
72	215
72	268
72	253
72	556
72	578
73	531
73	750
73	816
73	242
73	475
73	93
73	446
73	525
73	452
73	707
74	775
74	776
74	337
74	578
74	964
74	940
74	720
74	455
74	452
74	566
75	556
75	578
75	713
75	944
75	64
75	383
75	184
75	70
75	55
75	340
76	446
76	337
76	29
76	707
76	340
76	966
76	658
76	514
76	535
76	741
77	790
77	788
77	759
77	796
77	21
77	358
77	653
77	286
77	830
77	245
78	653
78	189
78	865
78	708
78	725
78	823
78	796
78	759
78	745
78	197
79	151
79	892
79	202
79	96
79	93
79	298
79	895
79	490
79	44
79	939
80	147
80	453
80	849
80	556
80	14
80	417
80	779
80	298
80	606
80	550
81	298
81	490
81	417
81	7
81	779
81	578
81	64
81	96
81	891
81	337
82	869
82	658
82	685
82	189
82	714
82	119
82	250
82	626
82	720
82	592
83	428
83	596
83	53
83	514
83	305
83	298
83	358
83	966
83	578
83	383
84	626
84	64
84	181
84	96
84	98
84	614
84	618
84	277
84	475
84	434
85	78
85	70
85	22
85	446
85	854
85	93
85	455
85	604
85	53
85	873
86	298
86	830
86	849
86	990
86	848
86	96
86	873
86	727
86	422
86	556
87	475
87	535
87	885
87	446
87	177
87	29
87	728
87	707
87	655
87	245
88	96
88	245
88	161
88	775
88	776
88	869
88	964
88	848
88	891
88	531
89	964
89	417
89	933
89	525
89	846
89	434
89	775
89	181
89	720
89	428
90	892
90	939
90	298
90	556
90	578
90	891
90	337
90	727
90	397
90	848
91	578
91	417
91	854
91	727
91	452
91	906
91	337
91	697
91	775
91	707
92	823
92	215
92	578
92	98
92	268
92	697
92	197
92	714
92	53
92	727
93	906
93	846
93	592
93	374
93	535
93	966
93	663
93	398
93	836
93	428
94	865
94	606
94	78
94	235
94	556
94	658
94	314
94	966
94	119
94	782
95	659
95	452
95	242
95	840
95	374
95	660
95	846
95	438
95	707
95	606
96	277
96	697
96	295
96	506
96	578
96	350
96	64
96	592
96	337
96	165
97	245
97	96
97	840
97	604
97	707
97	117
97	535
97	64
97	611
97	398
98	727
98	775
98	939
98	383
98	22
98	181
98	960
98	745
98	417
98	93
99	775
99	161
99	582
99	506
99	358
99	360
99	892
99	684
99	969
99	428
100	606
100	475
100	604
100	398
100	29
100	383
100	966
100	878
100	674
100	885
101	844
101	374
101	64
101	966
101	750
101	840
101	40
101	200
101	707
101	29
102	779
102	353
102	358
102	725
102	714
102	455
102	98
102	759
102	448
102	939
103	632
103	592
103	966
103	177
103	638
103	398
103	939
103	902
103	181
103	604
104	119
104	727
104	242
104	374
104	138
104	632
104	133
104	844
104	892
104	383
105	528
105	550
105	96
105	298
105	31
105	151
105	165
105	885
105	382
105	606
106	662
106	685
106	844
106	478
106	189
106	501
106	865
106	659
106	966
106	407
107	615
107	161
107	339
107	20
107	779
107	417
107	478
107	202
107	849
107	96
108	823
108	250
108	711
108	685
108	714
108	268
108	865
108	659
108	189
108	844
109	360
109	550
109	274
109	117
109	779
109	417
109	556
109	448
109	340
109	165
110	902
110	966
110	990
110	475
110	514
110	611
110	177
110	885
110	578
110	964
111	790
111	53
111	708
111	727
111	286
111	161
111	98
111	759
111	626
111	268
112	611
112	566
112	531
112	161
112	707
112	933
112	337
112	434
112	775
112	573
113	98
113	250
113	626
113	902
113	728
113	215
113	298
113	518
113	653
113	242
114	725
114	166
114	626
114	96
114	93
114	854
114	714
114	197
114	53
114	759
115	298
115	933
115	782
115	727
115	556
115	939
115	848
115	776
115	283
115	662
116	902
116	984
116	76
116	966
116	960
116	96
116	446
116	199
116	157
116	535
117	543
117	596
117	197
117	865
117	341
117	891
117	784
117	245
117	452
117	161
118	337
118	939
118	93
118	687
118	699
118	578
118	777
118	542
118	895
118	80
119	697
119	844
119	713
119	546
119	116
119	39
119	892
119	184
119	531
119	235
120	448
120	314
120	568
120	550
120	825
120	885
120	20
120	846
120	556
120	25
121	393
121	707
121	245
121	80
121	825
121	848
121	578
121	727
121	939
121	434
122	658
122	685
122	966
122	434
122	348
122	611
122	608
122	398
122	244
122	531
123	750
123	415
123	452
123	697
123	626
123	189
123	885
123	119
123	954
123	197
124	478
124	407
124	235
124	659
124	274
124	830
124	128
124	532
124	417
124	850
125	298
125	775
125	398
125	366
125	414
125	452
125	525
125	374
125	93
125	446
126	177
126	475
126	728
126	310
126	510
126	849
126	960
126	777
126	885
126	830
127	916
127	854
127	933
127	727
127	697
127	578
127	840
127	452
127	687
127	93
128	830
128	456
128	727
128	895
128	873
128	452
128	885
128	93
128	422
128	14
129	374
129	531
129	475
129	277
129	434
129	366
129	525
129	728
129	496
129	448
130	556
130	428
130	878
130	854
130	161
130	71
130	727
130	53
130	448
130	606
131	452
131	80
131	434
131	578
131	337
131	450
131	777
131	161
131	245
131	720
132	285
132	128
132	286
132	604
132	708
132	360
132	811
132	885
132	117
132	535
133	525
133	374
133	728
133	277
133	960
133	414
133	446
133	245
133	514
133	417
134	189
134	250
134	525
134	854
134	242
134	736
134	197
134	933
134	374
134	398
135	189
135	830
135	892
135	417
135	285
135	940
135	298
135	161
135	80
135	274
136	604
136	592
136	177
136	398
136	29
136	472
136	535
136	475
136	528
136	966
137	550
137	615
137	779
137	383
137	181
137	64
137	333
137	531
137	727
137	761
138	312
138	916
138	821
138	177
138	697
138	966
138	76
138	816
138	398
138	840
139	277
139	964
139	966
139	96
139	235
139	111
139	64
139	383
139	80
139	181
140	189
140	455
140	531
140	982
140	197
140	250
140	78
140	535
140	398
140	277
141	298
141	93
141	578
141	417
141	96
141	161
141	799
141	514
141	727
141	891
142	242
142	177
142	277
142	891
142	966
142	892
142	885
142	775
142	374
142	750
143	98
143	298
143	830
143	966
143	849
143	96
143	556
143	891
143	892
143	456
144	685
144	892
144	383
144	428
144	816
144	473
144	181
144	29
144	885
144	398
145	615
145	514
145	659
145	181
145	242
145	606
145	350
145	478
145	96
145	816
146	674
146	374
146	638
146	980
146	398
146	593
146	514
146	96
146	80
146	434
147	268
147	506
147	511
147	604
147	197
147	518
147	966
147	314
147	775
147	88
148	741
148	779
148	21
148	891
148	87
148	750
148	228
148	663
148	885
148	45
149	578
149	776
149	337
149	245
149	707
149	434
149	566
149	850
149	181
149	799
150	337
150	933
150	96
150	891
150	245
150	707
150	450
150	456
150	825
150	422
151	177
151	885
151	295
151	966
151	939
151	414
151	611
151	446
151	514
151	475
152	127
152	109
152	759
152	96
152	448
152	481
152	775
152	298
152	53
152	98
153	53
153	707
153	374
153	414
153	366
153	604
153	337
153	728
153	525
153	473
154	337
154	939
154	514
154	161
154	727
154	578
154	434
154	964
154	167
154	456
155	732
155	885
155	298
155	96
155	22
155	295
155	779
155	830
155	895
155	849
156	892
156	242
156	982
156	80
156	514
156	21
156	177
156	779
156	475
156	604
157	732
157	892
157	638
157	477
157	611
157	242
157	133
157	885
157	374
157	382
158	966
158	982
158	755
158	892
158	658
158	944
158	763
158	242
158	713
158	578
159	96
159	514
159	161
159	452
159	707
159	960
159	964
159	848
159	776
159	340
160	816
160	96
160	475
160	878
160	728
160	53
160	98
160	27
160	448
160	29
161	428
161	788
161	759
161	816
161	582
161	782
161	298
161	452
161	606
161	147
162	854
162	501
162	550
162	593
162	98
162	478
162	417
162	22
162	816
162	88
163	816
163	245
163	891
163	854
163	398
163	374
163	53
163	29
163	295
163	366
164	836
164	448
164	78
164	197
164	438
164	189
164	543
164	531
164	854
164	417
165	475
165	181
165	850
165	161
165	233
165	775
165	933
165	178
165	697
165	840
166	667
166	501
166	298
166	556
166	713
166	782
166	849
166	360
166	128
166	165
167	304
167	849
167	165
167	830
167	779
167	892
167	417
167	546
167	161
167	525
168	360
168	98
168	448
168	298
168	849
168	93
168	895
168	72
168	506
168	96
169	723
169	147
169	788
169	215
169	127
169	286
169	165
169	675
169	481
169	849
170	382
170	535
170	119
170	64
170	177
170	658
170	528
170	667
170	659
170	475
171	452
171	277
171	592
171	578
171	775
171	177
171	434
171	87
171	902
171	891
172	189
172	604
172	242
172	93
172	902
172	531
172	398
172	277
172	452
172	161
173	830
173	477
173	374
173	854
173	53
173	892
173	64
173	513
173	906
173	727
174	314
174	606
174	745
174	604
174	189
174	350
174	708
174	658
174	854
174	891
175	606
175	720
175	976
175	80
175	593
175	849
175	417
175	456
175	614
175	660
176	906
176	790
176	708
176	687
176	166
176	268
176	448
176	525
176	655
176	215
177	350
177	799
177	177
177	659
177	202
177	604
177	490
177	556
177	242
177	966
178	353
178	966
178	374
178	776
178	611
178	799
178	80
178	337
178	658
178	29
179	865
179	939
179	966
179	659
179	964
179	258
179	374
179	779
179	606
179	538
180	29
180	446
180	885
180	728
180	177
180	776
180	181
180	660
180	475
180	422
181	490
181	358
181	501
181	80
181	849
181	88
181	417
181	93
181	550
181	44
182	245
182	446
182	417
182	728
182	869
182	525
182	566
182	848
182	761
182	933
183	779
183	582
183	64
183	816
183	78
183	604
183	658
183	966
183	611
183	799
184	944
184	982
184	242
184	750
184	578
184	849
184	885
184	658
184	177
184	592
185	514
185	611
185	242
185	604
185	535
185	728
185	964
185	615
185	434
185	337
186	298
186	714
186	892
186	235
186	53
186	626
186	448
186	830
186	341
186	556
187	117
187	472
187	453
187	790
187	518
187	166
187	528
187	823
187	286
187	796
188	759
188	854
188	98
188	556
188	684
188	298
188	71
188	31
188	472
188	12
189	93
189	531
189	626
189	197
189	448
189	496
189	592
189	776
189	816
189	912
190	795
190	934
190	823
190	310
190	277
190	939
190	811
190	604
190	708
190	685
191	64
191	189
191	592
191	626
191	475
191	604
191	96
191	611
191	854
191	531
192	660
192	902
192	939
192	966
192	374
192	611
192	233
192	685
192	53
192	578
193	685
193	659
193	869
193	604
193	850
193	885
193	235
193	658
193	966
193	277
194	848
194	181
194	566
194	933
194	720
194	578
194	850
194	964
194	891
194	869
195	685
195	614
195	189
195	550
195	197
195	78
195	592
195	728
195	98
195	27
196	98
196	298
196	189
196	885
196	854
196	177
196	611
196	556
196	728
196	869
197	611
197	181
197	604
197	966
197	475
197	450
197	233
197	618
197	728
197	177
198	215
198	711
198	189
198	865
198	268
198	53
198	98
198	360
198	844
198	119
199	310
199	78
199	550
199	685
199	849
199	189
199	119
199	844
199	383
199	659
200	80
200	96
200	984
200	933
200	775
200	939
200	960
200	93
200	847
200	525
201	93
201	197
201	277
201	891
201	848
201	846
201	53
201	850
201	434
201	525
202	473
202	966
202	506
202	892
202	713
202	64
202	885
202	131
202	535
202	604
203	235
203	658
203	966
203	939
203	283
203	892
203	933
203	659
203	374
203	242
204	117
204	285
204	147
204	350
204	189
204	685
204	840
204	830
204	736
204	632
205	181
205	891
205	383
205	611
205	606
205	550
205	885
205	374
205	939
205	626
206	177
206	720
206	933
206	578
206	80
206	566
206	939
206	990
206	906
206	728
207	181
207	64
207	885
207	611
207	29
207	305
207	658
207	713
207	138
207	799
208	578
208	245
208	177
208	525
208	960
208	964
208	446
208	434
208	414
208	728
209	45
209	298
209	93
209	939
209	727
209	455
209	133
209	428
209	590
209	578
210	475
210	446
210	960
210	181
210	776
210	850
210	582
210	525
210	625
210	566
211	88
211	448
211	892
211	556
211	22
211	298
211	830
211	96
211	687
211	455
212	604
212	728
212	475
212	885
212	960
212	850
212	177
212	902
212	414
212	446
213	64
213	475
213	816
213	65
213	535
213	84
213	181
213	80
213	984
213	966
214	428
214	53
214	606
214	873
214	592
214	727
214	55
214	891
214	902
214	456
215	64
215	606
215	96
215	611
215	799
215	360
215	885
215	578
215	506
215	604
216	604
216	181
216	446
216	868
216	939
216	80
216	964
216	776
216	848
216	720
217	892
217	596
217	341
217	532
217	29
217	506
217	669
217	799
217	425
217	334
218	298
218	96
218	340
218	434
218	93
218	687
218	848
218	847
218	80
218	840
219	727
219	407
219	117
219	854
219	891
219	728
219	508
219	606
219	546
219	658
220	626
220	250
220	550
220	235
220	78
220	606
220	869
220	902
220	475
220	55
221	714
221	268
221	98
221	816
221	525
221	197
221	452
221	854
221	20
221	902
222	298
222	93
222	727
222	340
222	44
222	849
222	21
222	165
222	982
222	434
223	53
223	93
223	96
223	161
223	337
223	245
223	816
223	775
223	455
223	964
224	518
224	123
224	653
224	714
224	374
224	728
224	796
224	350
224	22
224	166
225	933
225	448
225	873
225	655
225	72
225	452
225	398
225	511
225	687
225	374
226	64
226	966
226	592
226	885
226	902
226	452
226	374
226	933
226	707
226	177
227	566
227	707
227	720
227	397
227	776
227	434
227	848
227	80
227	775
227	181
228	374
228	448
228	728
228	611
228	604
228	535
228	475
228	366
228	417
228	161
229	741
229	119
229	964
229	138
229	844
229	750
229	657
229	854
229	64
229	374
230	314
230	417
230	358
230	849
230	298
230	934
230	847
230	556
230	22
230	895
231	658
231	242
231	592
231	21
231	337
231	366
231	741
231	398
231	939
231	966
232	93
232	816
232	415
232	830
232	892
232	290
232	80
232	477
232	371
232	379
233	892
233	398
233	337
233	346
233	514
233	475
233	779
233	615
233	407
233	966
234	556
234	854
234	298
234	452
234	53
234	525
234	93
234	337
234	745
234	508
235	728
235	475
235	177
235	850
235	618
235	964
235	80
235	233
235	566
235	799
236	525
236	53
236	93
236	417
236	383
236	775
236	707
236	337
236	566
236	776
237	475
237	728
237	960
237	242
237	966
237	604
237	592
237	902
237	177
237	535
238	286
238	358
238	790
238	215
238	298
238	708
238	675
238	714
238	556
238	670
239	80
239	848
239	618
239	348
239	878
239	55
239	777
239	450
239	720
239	397
240	727
240	830
240	93
240	96
240	298
240	88
240	982
240	939
240	245
240	80
241	177
241	475
241	728
241	566
241	960
241	151
241	964
241	473
241	455
241	525
242	849
242	782
242	501
242	550
242	64
242	490
242	657
242	202
242	660
242	72
243	417
243	358
243	849
243	779
243	298
243	382
243	550
243	732
243	939
243	895
244	398
244	535
244	596
244	714
244	960
244	846
244	25
244	417
244	720
244	816
245	556
245	138
245	854
245	448
245	428
245	455
245	98
245	434
245	816
245	684
246	147
246	448
246	725
246	286
246	30
246	741
246	253
246	53
246	763
246	98
247	714
247	708
247	453
247	725
247	849
247	556
247	501
247	869
247	982
247	966
248	53
248	448
248	675
248	606
248	455
248	36
248	417
248	181
248	939
248	138
249	64
249	383
249	593
249	333
249	685
249	343
249	398
249	428
249	658
249	784
250	434
250	885
250	902
250	475
250	776
250	964
250	960
250	181
250	473
250	151
251	966
251	434
251	566
251	592
251	366
251	960
251	177
251	728
251	245
251	475
252	298
252	417
252	96
252	65
252	93
252	525
252	84
252	939
252	452
252	514
253	964
253	614
253	655
253	452
253	417
253	933
253	414
253	473
253	475
253	799
254	707
254	298
254	452
254	582
254	456
254	55
254	80
254	775
254	337
254	422
255	285
255	844
255	64
255	685
255	655
255	128
255	475
255	816
255	784
255	274
256	80
256	964
256	566
256	434
256	775
256	582
256	848
256	850
256	422
256	720
257	675
257	489
257	849
257	556
257	161
257	960
257	944
257	606
257	501
257	387
258	626
258	578
258	691
258	36
258	854
258	745
258	96
258	434
258	298
258	71
259	578
259	960
259	80
259	707
259	434
259	161
259	181
259	525
259	850
259	933
260	606
260	298
260	340
260	940
260	674
260	20
260	593
260	290
260	578
260	727
261	253
261	448
261	215
261	885
261	939
261	675
261	714
261	181
261	80
261	96
262	604
262	475
262	659
262	235
262	885
262	446
262	535
262	64
262	779
262	506
263	848
263	578
263	618
263	19
263	456
263	964
263	450
263	850
263	707
263	720
264	383
264	790
264	658
264	685
264	811
264	215
264	725
264	606
264	53
264	714
265	53
265	933
265	298
265	235
265	448
265	72
265	107
265	456
265	655
265	830
266	80
266	181
266	891
266	707
266	397
266	964
266	245
266	933
266	55
266	776
267	358
267	782
267	614
267	235
267	31
267	298
267	107
267	556
267	576
267	22
268	298
268	96
268	93
268	727
268	452
268	869
268	848
268	960
268	578
268	44
269	475
269	566
269	414
269	850
269	397
269	455
269	366
269	964
269	422
269	525
270	250
270	556
270	578
270	713
270	939
270	93
270	298
270	944
270	96
270	933
271	298
271	41
271	438
271	830
271	556
271	960
271	891
271	312
271	96
271	417
272	606
272	514
272	854
272	750
272	80
272	64
272	181
272	455
272	277
272	849
273	350
273	274
273	573
273	611
273	455
273	776
273	434
273	891
273	964
273	117
274	93
274	165
274	71
274	902
274	546
274	161
274	340
274	755
274	298
274	350
275	80
275	727
275	525
275	590
275	578
275	848
275	434
275	707
275	417
275	582
276	846
276	93
276	446
276	64
276	939
276	720
276	535
276	337
276	245
276	776
277	596
277	337
277	604
277	245
277	902
277	107
277	592
277	960
277	456
277	177
278	556
278	626
278	964
278	455
278	448
278	714
278	398
278	592
278	846
278	708
279	53
279	596
279	578
279	525
279	298
279	181
279	452
279	428
279	741
279	663
280	736
280	865
280	685
280	745
280	891
280	98
280	197
280	525
280	475
280	379
281	446
281	366
281	96
281	775
281	604
281	333
281	161
281	138
281	933
281	960
282	337
282	885
282	245
282	414
282	578
282	779
282	776
282	295
282	513
282	84
283	55
283	127
283	745
283	123
283	727
283	22
283	830
283	147
283	181
283	462
284	181
284	475
284	966
284	761
284	535
284	525
284	604
284	55
284	383
284	878
285	736
285	865
285	685
285	235
285	659
285	448
285	849
285	687
285	892
285	830
286	398
286	473
286	514
286	892
286	277
286	138
286	181
286	29
286	96
286	88
287	29
287	80
287	177
287	566
287	525
287	397
287	473
287	902
287	960
287	582
288	452
288	337
288	775
288	566
288	960
288	891
288	298
288	161
288	434
288	776
289	603
289	450
289	848
289	885
289	473
289	80
289	895
289	707
289	233
289	452
290	697
290	969
290	80
290	245
290	161
290	960
290	707
290	727
290	181
290	93
291	556
291	298
291	775
291	161
291	940
291	854
291	417
291	727
291	531
291	93
292	604
292	745
292	434
292	964
292	891
292	850
292	428
292	846
292	720
292	525
293	64
293	472
293	732
293	398
293	514
293	475
293	80
293	177
293	966
293	434
294	685
294	64
294	305
294	966
294	606
294	29
294	19
294	779
294	592
294	611
295	725
295	366
295	268
295	123
295	728
295	446
295	626
295	98
295	448
295	475
296	626
296	298
296	197
296	374
296	906
296	452
296	448
296	434
296	525
296	96
297	138
297	592
297	72
297	478
297	374
297	473
297	658
297	434
297	850
297	333
298	80
298	455
298	161
298	93
298	340
298	138
298	71
298	7
298	245
298	343
299	448
299	417
299	298
299	450
299	340
299	513
299	452
299	525
299	556
299	606
300	80
300	29
300	604
300	869
300	181
300	398
300	850
300	434
300	566
300	414
301	550
301	711
301	119
301	448
301	314
301	655
301	784
301	782
301	501
301	257
302	750
302	885
302	310
302	902
302	374
302	728
302	242
302	892
302	850
302	592
303	796
303	711
303	854
303	745
303	659
303	235
303	626
303	64
303	891
303	658
304	64
304	685
304	779
304	80
304	966
304	96
304	816
304	455
304	720
304	799
305	250
305	556
305	655
305	590
305	714
305	353
305	854
305	964
305	614
305	20
306	197
306	966
306	659
306	93
306	535
306	658
306	514
306	745
306	784
306	592
307	865
307	197
307	245
307	658
307	707
307	242
307	39
307	6
307	177
307	592
308	69
308	611
308	51
308	29
308	177
308	535
308	323
308	96
308	578
308	393
309	854
309	452
309	556
309	93
309	298
309	891
309	14
309	417
309	869
309	720
310	298
310	944
310	161
310	982
310	556
310	755
310	578
310	713
310	566
310	546
311	869
311	472
311	477
311	732
311	141
311	836
311	592
311	699
311	245
311	242
312	285
312	298
312	117
312	93
312	528
312	727
312	869
312	960
312	848
312	96
313	109
313	358
313	782
313	732
313	202
313	490
313	128
313	550
313	31
313	7
314	865
314	314
314	606
314	119
314	550
314	685
314	659
314	72
314	966
314	658
315	509
315	481
315	934
315	727
315	759
315	448
315	854
315	556
315	788
315	31
316	374
316	250
316	854
316	604
316	277
316	525
316	242
316	891
316	434
316	446
317	475
317	966
317	29
317	414
317	181
317	728
317	885
317	233
317	473
317	850
318	685
318	550
318	892
318	339
318	242
318	891
318	830
318	750
318	374
318	473
319	417
319	849
319	847
319	556
319	98
319	779
319	53
319	830
319	25
319	916
320	854
320	53
320	452
320	298
320	816
320	76
320	428
320	830
320	940
320	22
321	885
321	268
321	448
321	358
321	759
321	811
321	53
321	166
321	823
321	253
322	96
322	452
322	298
322	337
322	531
322	854
322	775
322	450
322	848
322	422
323	891
323	854
323	592
323	342
323	374
323	514
323	277
323	245
323	525
323	96
324	525
324	93
324	366
324	854
324	611
324	846
324	414
324	578
324	138
324	337
325	770
325	374
325	816
325	854
325	41
325	417
325	593
325	775
325	940
325	337
326	525
326	475
326	84
326	514
326	53
326	448
326	611
326	366
326	78
326	728
327	885
327	446
327	414
327	728
327	475
327	177
327	960
327	618
327	660
327	799
328	775
328	337
328	340
328	80
328	848
328	878
328	434
328	422
328	151
328	891
329	854
329	658
329	891
329	53
329	592
329	525
329	578
329	455
329	245
329	138
330	830
330	510
330	473
330	92
330	374
330	582
330	387
330	761
330	242
330	371
331	939
331	727
331	151
331	417
331	684
331	761
331	96
331	940
331	80
331	337
332	687
332	197
332	556
332	98
332	417
332	96
332	697
332	626
332	53
332	990
333	343
333	242
333	846
333	80
333	514
333	177
333	472
333	892
333	775
333	551
334	177
334	475
334	604
334	29
334	343
334	446
334	36
334	902
334	615
334	283
335	98
335	268
335	298
335	53
335	830
335	741
335	761
335	340
335	96
335	490
336	790
336	818
336	560
336	757
336	197
336	629
336	725
336	759
336	795
336	902
337	784
337	290
337	775
337	366
337	242
337	93
337	53
337	253
337	448
337	312
338	933
338	731
338	847
338	107
338	359
338	514
338	641
338	779
338	201
338	167
339	727
339	161
339	96
339	448
339	775
339	455
339	566
339	308
339	298
339	573
340	177
340	902
340	741
340	836
340	29
340	614
340	446
340	475
340	366
340	964
341	763
341	80
341	846
341	92
341	966
341	779
341	596
341	341
341	151
341	96
342	242
342	939
342	245
342	960
342	177
342	514
342	578
342	200
342	684
342	632
343	865
343	850
343	197
343	268
343	933
343	578
343	93
343	452
343	448
343	298
344	250
344	428
344	55
344	119
344	333
344	257
344	865
344	685
344	475
344	626
345	514
345	854
345	374
345	891
345	816
345	475
345	508
345	525
345	337
345	750
346	119
346	197
346	343
346	626
346	78
346	720
346	448
346	728
346	611
346	374
347	714
347	725
347	788
347	606
347	286
347	253
347	727
347	448
347	708
347	653
348	417
348	96
348	337
348	434
348	214
348	578
348	912
348	707
348	582
348	869
349	277
349	525
349	592
349	242
349	245
349	366
349	346
349	434
349	398
349	531
350	830
350	96
350	727
350	969
350	632
350	775
350	984
350	707
350	337
350	697
351	453
351	298
351	906
351	55
351	550
351	22
351	181
351	687
351	481
351	697
352	939
352	422
352	107
352	80
352	161
352	891
352	964
352	434
352	181
352	578
353	417
353	550
353	556
353	298
353	779
353	830
353	895
353	727
353	243
353	329
354	869
354	578
354	337
354	707
354	902
354	446
354	243
354	245
354	434
354	603
355	72
355	84
355	64
355	885
355	873
355	277
355	606
355	846
355	242
355	475
356	885
356	475
356	434
356	850
356	446
356	964
356	177
356	728
356	397
356	414
357	452
357	181
357	253
357	215
357	473
357	823
357	51
357	277
357	55
357	759
358	885
358	611
358	960
358	96
358	417
358	906
358	177
358	728
358	830
358	93
359	675
359	653
359	417
359	448
359	708
359	235
359	501
359	714
359	215
359	885
360	84
360	653
360	892
360	626
360	383
360	428
360	29
360	658
360	166
360	215
361	550
361	626
361	569
361	659
361	714
361	708
361	36
361	750
361	197
361	20
362	745
362	727
362	514
362	684
362	525
362	161
362	71
362	31
362	93
362	181
363	604
363	535
363	398
363	728
363	177
363	29
363	475
363	414
363	960
363	902
364	242
364	885
364	976
364	659
364	478
364	868
364	96
364	611
364	446
364	398
365	659
365	514
365	966
365	960
365	658
365	277
365	707
365	531
365	784
365	854
366	177
366	779
366	398
366	707
366	611
366	434
366	41
366	181
366	604
366	29
367	840
367	64
367	374
367	382
367	80
367	892
367	535
367	954
367	604
367	669
368	775
368	496
368	573
368	383
368	161
368	19
368	340
368	662
368	333
368	531
369	277
369	885
369	727
369	891
369	72
369	902
369	422
369	699
369	119
369	816
370	151
370	177
370	779
370	93
370	885
370	535
370	475
370	446
370	578
370	414
371	277
371	29
371	374
371	854
371	446
371	398
371	846
371	816
371	869
371	776
372	374
372	779
372	606
372	277
372	64
372	611
372	846
372	728
372	398
372	592
373	452
373	775
373	531
373	161
373	566
373	65
373	854
373	847
373	984
373	964
374	242
374	892
374	849
374	966
374	177
374	902
374	245
374	830
374	366
374	337
375	298
375	578
375	848
375	245
375	847
375	566
375	895
375	940
375	434
375	80
376	189
376	78
376	551
376	250
376	658
376	197
376	732
376	556
376	714
376	865
377	340
377	720
377	525
377	337
377	93
377	566
377	727
377	848
377	107
377	777
378	501
378	298
378	755
378	892
378	578
378	65
378	830
378	350
378	933
378	93
379	312
379	854
379	98
379	550
379	714
379	674
379	556
379	895
379	525
379	448
380	606
380	611
380	592
380	658
380	64
380	846
380	374
380	966
380	728
380	277
381	895
381	417
381	422
381	849
381	979
381	916
381	892
381	779
381	298
381	44
382	128
382	685
382	727
382	184
382	659
382	119
382	425
382	151
382	304
382	763
383	518
383	823
383	475
383	189
383	88
383	147
383	885
383	286
383	453
383	374
384	434
384	96
384	626
384	53
384	891
384	531
384	245
384	535
384	604
384	29
385	161
385	779
385	727
385	940
385	337
385	422
385	939
385	80
385	455
385	245
386	939
386	29
386	475
386	506
386	177
386	960
386	434
386	902
386	80
386	799
387	675
387	578
387	509
387	53
387	606
387	854
387	759
387	448
387	286
387	775
388	366
388	854
388	902
388	514
388	96
388	525
388	398
388	446
388	29
388	964
389	611
389	374
389	816
389	514
389	93
389	434
389	277
389	776
389	53
389	662
390	707
390	96
390	177
390	657
390	64
390	892
390	604
390	638
390	885
390	966
391	417
391	825
391	298
391	632
391	892
391	984
391	76
391	849
391	969
391	161
392	80
392	964
392	514
392	434
392	161
392	776
392	337
392	777
392	531
392	55
393	358
393	550
393	892
393	556
393	184
393	779
393	25
393	131
393	298
393	869
394	88
394	96
394	138
394	177
394	29
394	151
394	80
394	44
394	181
394	869
395	417
395	393
395	799
395	452
395	422
395	939
395	337
395	727
395	777
395	710
396	790
396	55
396	795
396	518
396	286
396	934
396	675
396	796
396	708
396	181
397	53
397	966
397	550
397	592
397	885
397	475
397	892
397	473
397	96
397	398
398	285
398	147
398	885
398	966
398	823
398	501
398	446
398	189
398	286
398	811
399	848
399	578
399	340
399	525
399	891
399	455
399	434
399	939
399	107
399	850
400	341
400	518
400	727
400	298
400	708
400	253
400	667
400	626
400	759
400	268
401	711
401	854
401	189
401	891
401	119
401	78
401	473
401	816
401	277
401	197
402	750
402	830
402	741
402	964
402	885
402	776
402	245
402	29
402	233
402	337
403	93
403	298
403	727
403	96
403	775
403	69
403	776
403	707
403	868
403	80
404	277
404	525
404	374
404	745
404	846
404	245
404	93
404	854
404	578
404	850
405	501
405	250
405	314
405	736
405	53
405	865
405	550
405	685
405	782
405	415
406	78
406	606
406	685
406	891
406	966
406	816
406	658
406	398
406	374
406	475
407	590
407	341
407	674
407	508
407	615
407	360
407	854
407	592
407	245
407	745
408	472
408	849
408	93
408	960
408	779
408	727
408	732
408	298
408	80
408	869
409	906
409	453
409	127
409	161
409	568
409	897
409	298
409	517
409	80
409	295
410	885
410	779
410	720
410	181
410	891
410	16
410	850
410	902
410	417
410	161
411	606
411	990
411	658
411	891
411	197
411	398
411	64
411	119
411	966
411	873
412	298
412	417
412	340
412	578
412	556
412	892
412	939
412	727
412	31
412	830
413	556
413	161
413	452
413	784
413	36
413	727
413	69
413	93
413	606
413	417
414	933
414	525
414	761
414	434
414	848
414	245
414	777
414	776
414	850
414	645
415	844
415	892
415	277
415	333
415	337
415	885
415	374
415	902
415	964
415	398
416	966
416	428
416	383
416	885
416	761
416	604
416	960
416	684
416	513
416	535
417	414
417	366
417	582
417	525
417	337
417	761
417	80
417	775
417	245
417	684
418	790
418	98
418	448
418	268
418	161
418	131
418	551
418	96
418	727
418	253
419	455
419	340
419	578
419	55
419	181
419	383
419	850
419	776
419	428
419	878
420	417
420	720
420	885
420	854
420	727
420	830
420	775
420	582
420	847
420	298
421	298
421	53
421	655
421	422
421	96
421	576
421	854
421	233
421	836
421	511
422	727
422	53
422	626
422	98
422	707
422	790
422	796
422	181
422	939
422	653
423	615
423	64
423	29
423	398
423	242
423	728
423	892
423	611
423	902
423	885
424	697
424	189
424	53
424	242
424	374
424	611
424	295
424	728
424	277
424	438
425	96
425	337
425	979
425	55
425	707
425	298
425	244
425	933
425	417
425	514
426	830
426	741
426	658
426	425
426	960
426	374
426	341
426	966
426	242
426	64
427	892
427	473
427	592
427	383
427	878
427	659
427	750
427	606
427	277
427	96
428	659
428	197
428	816
428	53
428	96
428	16
428	535
428	398
428	854
428	525
429	846
429	535
429	514
429	525
429	776
429	398
429	475
429	854
429	531
429	374
430	123
430	725
430	286
430	714
430	790
430	823
430	387
430	691
430	653
430	675
431	518
431	790
431	854
431	626
431	525
431	708
431	653
431	407
431	253
431	53
432	337
432	374
432	398
432	277
432	611
432	776
432	366
432	161
432	854
432	604
433	339
433	830
433	242
433	892
433	779
433	245
433	960
433	398
433	80
433	902
434	578
434	80
434	707
434	848
434	776
434	869
434	397
434	777
434	181
434	525
435	865
435	725
435	80
435	685
435	755
435	850
435	374
435	659
435	885
435	448
436	902
436	475
436	177
436	181
436	446
436	414
436	525
436	776
436	728
436	397
437	374
437	885
437	707
437	72
437	312
437	966
437	750
437	277
437	64
437	578
438	358
438	788
438	501
438	286
438	147
438	568
438	667
438	759
438	350
438	64
439	78
439	966
439	658
439	64
439	371
439	473
439	93
439	452
439	846
439	902
440	298
440	41
440	133
440	727
440	590
440	830
440	337
440	452
440	417
440	96
441	816
441	374
441	790
441	796
441	779
441	939
441	823
441	885
441	98
441	235
442	713
442	796
442	578
442	725
442	759
442	675
442	166
442	253
442	268
442	161
443	518
443	653
443	298
443	873
443	501
443	98
443	107
443	626
443	550
443	933
444	398
444	535
444	446
444	776
444	177
444	29
444	885
444	397
444	966
444	366
445	902
445	165
445	933
445	830
445	799
445	72
445	687
445	340
445	425
445	655
446	846
446	235
446	779
446	184
446	510
446	578
446	885
446	933
446	387
446	606
447	626
447	854
447	53
447	55
447	496
447	556
447	714
447	417
447	964
447	708
448	360
448	535
448	592
448	964
448	80
448	350
448	604
448	29
448	776
448	438
449	448
449	98
449	675
449	854
449	934
449	71
449	407
449	830
449	430
449	21
450	611
450	525
450	667
450	425
450	506
450	98
450	514
450	29
450	298
450	407
451	745
451	891
451	658
451	298
451	823
451	268
451	865
451	398
451	189
451	434
452	614
452	854
452	556
452	41
452	799
452	892
452	849
452	593
452	53
452	64
453	811
453	796
453	790
453	939
453	708
453	314
453	714
453	253
453	653
453	235
454	147
454	285
454	790
454	298
454	64
454	93
454	708
454	732
454	891
454	472
455	64
455	885
455	197
455	659
455	685
455	475
455	383
455	235
455	242
455	96
456	298
456	854
456	96
456	422
456	873
456	576
456	450
456	727
456	964
456	340
457	728
457	906
457	854
457	177
457	535
457	816
457	475
457	55
457	398
457	181
458	604
458	514
458	611
458	891
458	846
458	446
458	245
458	340
458	96
458	161
459	556
459	53
459	298
459	964
459	848
459	854
459	727
459	340
459	452
459	397
460	181
460	606
460	93
460	790
460	626
460	779
460	98
460	197
460	27
460	934
461	197
461	659
461	119
461	966
461	846
461	88
461	514
461	93
461	658
461	891
462	415
462	782
462	674
462	151
462	417
462	285
462	161
462	44
462	350
462	298
463	966
463	398
463	475
463	96
463	885
463	535
463	245
463	902
463	514
463	177
464	865
464	775
464	556
464	531
464	592
464	525
464	366
464	685
464	659
464	604
465	865
465	844
465	556
465	663
465	250
465	197
465	202
465	796
465	596
465	873
466	638
466	593
466	604
466	197
466	728
466	87
466	525
466	228
466	233
466	891
467	446
467	366
467	891
467	177
467	745
467	93
467	825
467	138
467	116
467	604
468	53
468	550
468	417
468	64
468	964
468	245
468	687
468	658
468	29
468	456
469	939
469	578
469	434
469	895
469	422
469	340
469	707
469	397
469	80
469	161
470	550
470	964
470	844
470	990
470	659
470	131
470	960
470	55
470	655
470	873
471	417
471	939
471	727
471	96
471	775
471	720
471	422
471	578
471	566
471	848
472	366
472	707
472	448
472	21
472	298
472	891
472	982
472	611
472	745
472	531
473	93
473	659
473	606
473	750
473	277
473	816
473	72
473	398
473	531
473	374
474	850
474	274
474	604
474	360
474	350
474	514
474	475
474	277
474	117
474	181
475	80
475	664
475	366
475	525
475	181
475	414
475	960
475	840
475	473
475	475
476	885
476	514
476	939
476	891
476	906
476	964
476	397
476	847
476	869
476	990
477	551
477	578
477	531
477	417
477	960
477	80
477	490
477	525
477	202
477	528
478	343
478	235
478	407
478	333
478	528
478	64
478	242
478	346
478	840
478	177
479	531
479	933
479	161
479	514
479	337
479	566
479	573
479	895
479	940
479	455
480	235
480	849
480	197
480	382
480	727
480	387
480	64
480	892
480	298
480	578
481	358
481	55
481	428
481	550
481	653
481	846
481	250
481	626
481	197
481	685
482	990
482	550
482	873
482	417
482	528
482	72
482	298
482	662
482	96
482	80
483	556
483	22
483	473
483	816
483	685
483	161
483	606
483	514
483	604
483	7
484	960
484	741
484	836
484	177
484	456
484	446
484	854
484	29
484	96
484	885
485	556
485	339
485	312
485	892
485	76
485	235
485	214
485	854
485	98
485	448
486	966
486	128
486	304
486	453
486	763
486	902
486	215
486	759
486	151
486	147
487	93
487	242
487	885
487	446
487	578
487	506
487	964
487	475
487	245
487	80
488	551
488	849
488	892
488	615
488	473
488	966
488	514
488	830
488	242
488	478
489	45
489	790
489	736
489	782
489	78
489	129
489	235
489	714
489	189
489	543
490	382
490	312
490	606
490	128
490	298
490	582
490	556
490	243
490	80
490	732
491	98
491	168
491	528
491	455
491	151
491	720
491	472
491	506
491	383
491	107
492	854
492	96
492	848
492	578
492	779
492	939
492	775
492	847
492	525
492	233
493	720
493	848
493	964
493	566
493	181
493	775
493	455
493	422
493	850
493	456
494	78
494	659
494	21
494	358
494	685
494	550
494	374
494	222
494	982
494	658
495	556
495	892
495	417
495	830
495	816
495	885
495	847
495	625
495	199
495	777
496	755
496	966
496	29
496	177
496	611
496	707
496	80
496	535
496	337
496	414
497	964
497	960
497	626
497	790
497	840
497	268
497	775
497	796
497	98
497	107
498	848
498	578
498	847
498	434
498	80
498	939
498	397
498	777
498	107
498	776
499	398
499	604
499	854
499	245
499	96
499	446
499	337
499	29
499	525
499	434
500	779
500	939
500	966
500	181
500	885
500	535
500	84
500	660
500	902
500	873
501	711
501	550
501	714
501	360
501	119
501	844
501	736
501	250
501	782
501	849
502	518
502	869
502	131
502	147
502	304
502	725
502	685
502	314
502	543
502	215
503	417
503	298
503	161
503	940
503	606
503	982
503	939
503	578
503	933
503	777
504	189
504	550
504	782
504	865
504	473
504	374
504	892
504	687
504	513
504	784
505	707
505	657
505	939
505	177
505	885
505	514
505	869
505	29
505	290
505	434
506	215
506	98
506	253
506	72
506	374
506	708
506	653
506	448
506	93
506	245
507	606
507	96
507	944
507	892
507	885
507	939
507	64
507	755
507	490
507	298
508	662
508	578
508	556
508	64
508	939
508	892
508	550
508	675
508	70
508	98
509	235
509	473
509	298
509	966
509	830
509	242
509	478
509	590
509	27
509	657
510	417
510	337
510	578
510	707
510	847
510	720
510	869
510	776
510	107
510	434
511	699
511	604
511	707
511	514
511	964
511	434
511	608
511	245
511	513
511	787
512	147
512	64
512	501
512	453
512	897
512	849
512	274
512	93
512	285
512	966
513	606
513	876
513	878
513	816
513	891
513	189
513	713
513	779
513	93
513	428
514	53
514	93
514	298
514	854
514	891
514	434
514	745
514	245
514	720
514	608
515	854
515	707
515	452
515	514
515	525
515	337
515	434
515	775
515	720
515	245
516	475
516	181
516	446
516	177
516	966
516	398
516	604
516	287
516	776
516	397
517	592
517	415
517	295
517	128
517	885
517	528
517	382
517	846
517	80
517	670
518	358
518	708
518	215
518	885
518	830
518	550
518	653
518	902
518	611
518	779
519	98
519	358
519	506
519	528
519	453
519	501
519	550
519	310
519	71
519	885
520	242
520	732
520	892
520	658
520	64
520	885
520	382
520	869
520	177
520	592
521	456
521	53
521	417
521	830
521	606
521	511
521	22
521	578
521	779
521	777
522	53
522	268
522	197
522	626
522	98
522	892
522	782
522	448
522	550
522	687
523	298
523	360
523	556
523	506
523	727
523	128
523	779
523	939
523	452
523	848
524	525
524	891
524	776
524	514
524	775
524	96
524	566
524	417
524	848
524	434
525	242
525	531
525	93
525	417
525	340
525	374
525	727
525	508
525	202
525	21
526	434
526	776
526	566
526	777
526	340
526	455
526	181
526	107
526	964
526	847
527	578
527	245
527	776
527	508
527	566
527	720
527	161
527	340
527	891
527	964
528	93
528	532
528	727
528	848
528	298
528	776
528	868
528	707
528	869
528	578
529	452
529	96
529	939
529	98
529	448
529	891
529	181
529	417
529	55
529	933
530	782
530	550
530	727
530	849
530	298
530	36
530	151
530	528
530	283
530	892
531	448
531	854
531	417
531	830
531	298
531	556
531	895
531	16
531	72
531	96
532	596
532	854
532	337
532	290
532	341
532	96
532	450
532	446
532	41
532	964
533	490
533	662
533	44
533	782
533	556
533	340
533	550
533	982
533	727
533	615
534	202
534	473
534	242
534	659
534	892
534	685
534	514
534	177
534	750
534	885
535	161
535	779
535	448
535	940
535	65
535	892
535	830
535	984
535	632
535	417
536	782
536	358
536	341
536	556
536	242
536	528
536	849
536	511
536	732
536	660
537	64
537	181
537	745
537	611
537	398
537	816
537	277
537	592
537	966
537	779
538	659
538	189
538	398
538	854
538	277
538	374
538	846
538	611
538	242
538	816
539	854
539	181
539	161
539	448
539	96
539	452
539	775
539	93
539	531
539	566
540	506
540	268
540	197
540	366
540	277
540	707
540	531
540	667
540	177
540	626
541	714
541	501
541	782
541	550
541	387
541	268
541	708
541	933
541	892
541	653
542	578
542	80
542	566
542	869
542	151
542	245
542	891
542	848
542	422
542	434
543	98
543	727
543	830
543	310
543	713
543	298
543	854
543	387
543	478
543	849
544	939
544	242
544	245
544	434
544	707
544	80
544	475
544	337
544	592
544	514
545	514
545	535
545	604
545	728
545	720
545	525
545	776
545	566
545	337
545	455
546	960
546	604
546	514
546	966
546	29
546	906
546	475
546	337
546	177
546	84
547	964
547	933
547	80
547	145
547	850
547	455
547	422
547	151
547	450
547	161
548	337
548	417
548	245
548	93
548	830
548	80
548	727
548	578
548	939
548	775
549	550
549	490
549	202
549	902
549	578
549	96
549	298
549	7
549	830
549	869
550	80
550	181
550	966
550	687
550	452
550	960
550	438
550	684
550	596
550	939
551	960
551	181
551	473
551	720
551	397
551	776
551	850
551	428
551	456
551	964
552	448
552	727
552	298
552	830
552	779
552	933
552	96
552	452
552	849
552	578
553	475
553	966
553	446
553	414
553	535
553	850
553	728
553	80
553	177
553	29
554	528
554	934
554	453
554	501
554	98
554	759
554	675
554	358
554	181
554	788
555	525
555	728
555	626
555	604
555	434
555	14
555	374
555	854
555	245
555	366
556	825
556	885
556	417
556	80
556	775
556	214
556	181
556	787
556	456
556	890
557	714
557	708
557	934
557	383
557	878
557	358
557	268
557	606
557	374
557	816
558	685
558	830
558	177
558	687
558	601
558	658
558	891
558	64
558	456
558	933
559	448
559	96
559	885
559	428
559	939
559	854
559	514
559	181
559	775
559	417
560	314
560	606
560	865
560	398
560	235
560	626
560	45
560	708
560	714
560	189
561	846
561	531
561	197
561	606
561	902
561	578
561	854
561	96
561	452
561	658
562	745
562	658
562	891
562	846
562	197
562	659
562	506
562	707
562	250
562	274
563	298
563	387
563	245
563	538
563	181
563	578
563	472
563	151
563	707
563	202
564	525
564	542
564	337
564	340
564	93
564	417
564	181
564	514
564	566
564	847
565	556
565	298
565	892
565	891
565	337
565	452
565	848
565	151
565	939
565	727
566	450
566	902
566	438
566	906
566	513
566	960
566	455
566	80
566	830
566	885
567	64
567	452
567	242
567	604
567	161
567	446
567	592
567	346
567	96
567	235
568	337
568	80
568	578
568	434
568	848
568	964
568	181
568	151
568	161
568	707
569	742
569	736
569	865
569	64
569	119
569	235
569	197
569	659
569	711
569	745
570	556
570	358
570	329
570	892
570	606
570	312
570	339
570	550
570	902
570	417
571	659
571	64
571	755
571	982
571	242
571	944
571	592
571	873
571	606
571	892
572	796
572	366
572	165
572	811
572	556
572	790
572	531
572	632
572	197
572	606
573	745
573	343
573	333
573	728
573	966
573	398
573	29
573	627
573	337
573	846
574	181
574	966
574	177
574	398
574	611
574	346
574	885
574	638
574	850
574	39
575	795
575	811
575	790
575	286
575	484
575	443
575	725
575	215
575	939
575	796
576	663
576	84
576	250
576	844
576	685
576	865
576	736
576	501
576	849
576	873
577	298
577	964
577	245
577	720
577	496
577	14
577	662
577	434
577	508
577	816
578	161
578	80
578	578
578	776
578	645
578	939
578	964
578	720
578	181
578	434
579	525
579	556
579	80
579	655
579	181
579	70
579	990
579	298
579	452
579	578
580	119
580	343
580	865
580	844
580	685
580	848
580	849
580	197
580	885
580	235
581	342
581	578
581	638
581	80
581	228
581	452
581	456
581	775
581	720
581	422
582	787
582	885
582	475
582	976
582	728
582	776
582	393
582	446
582	6
582	414
583	891
583	286
583	235
583	417
583	626
583	592
583	708
583	181
583	98
583	268
584	96
584	727
584	417
584	80
584	55
584	720
584	891
584	450
584	448
584	16
585	242
585	181
585	55
585	398
585	684
585	29
585	885
585	475
585	728
585	846
586	892
586	398
586	990
586	885
586	177
586	707
586	966
586	514
586	655
586	446
587	428
587	383
587	606
587	64
587	235
587	475
587	277
587	660
587	625
587	750
588	728
588	475
588	177
588	960
588	397
588	473
588	850
588	455
588	107
588	450
589	407
589	697
589	455
589	902
589	448
589	417
589	80
589	885
589	966
589	25
590	177
590	885
590	660
590	611
590	873
590	456
590	233
590	728
590	939
590	964
591	525
591	298
591	98
591	626
591	891
591	53
591	775
591	337
591	776
591	340
592	452
592	161
592	298
592	578
592	976
592	434
592	245
592	776
592	720
592	662
593	508
593	775
593	566
593	371
593	573
593	531
593	228
593	308
593	245
593	891
594	714
594	250
594	242
594	189
594	277
594	626
594	578
594	27
594	514
594	245
595	844
595	727
595	242
595	506
595	902
595	891
595	869
595	606
595	966
595	964
596	966
596	658
596	242
596	525
596	816
596	902
596	592
596	428
596	535
596	434
597	80
597	177
597	850
597	446
597	902
597	566
597	960
597	414
597	525
597	582
598	511
598	966
598	750
598	475
598	29
598	592
598	456
598	473
598	660
598	720
599	844
599	782
599	119
599	736
599	849
599	775
599	891
599	242
599	64
599	29
600	180
600	707
600	864
600	93
600	854
600	417
600	775
600	720
600	964
600	455
601	939
601	854
601	578
601	27
601	53
601	452
601	964
601	847
601	450
601	727
602	39
602	298
602	892
602	45
602	727
602	337
602	379
602	891
602	116
602	638
603	455
603	869
603	382
603	891
603	398
603	44
603	707
603	374
603	490
603	242
604	550
604	298
604	268
604	235
604	551
604	556
604	98
604	606
604	314
604	830
605	892
605	342
605	535
605	177
605	840
605	398
605	337
605	592
605	92
605	604
606	525
606	96
606	684
606	417
606	848
606	245
606	161
606	337
606	707
606	578
607	84
607	658
607	761
607	592
607	960
607	177
607	525
607	966
607	854
607	242
608	417
608	779
608	298
608	556
608	525
608	578
608	151
608	960
608	44
608	93
609	708
609	984
609	725
609	531
609	796
609	578
609	96
609	65
609	846
609	298
610	80
610	578
610	869
610	891
610	720
610	776
610	181
610	566
610	434
610	933
611	453
611	80
611	109
611	448
611	848
611	885
611	501
611	606
611	298
611	452
612	685
612	374
612	611
612	455
612	398
612	428
612	64
612	966
612	885
612	750
613	128
613	184
613	29
613	506
613	177
613	902
613	350
613	939
613	667
613	337
614	374
614	697
614	687
614	685
614	954
614	438
614	242
614	425
614	799
614	658
615	417
615	578
615	151
615	337
615	707
615	960
615	80
615	775
615	964
615	161
616	350
616	933
616	506
616	456
616	687
616	274
616	117
616	360
616	96
616	799
617	197
617	816
617	611
617	606
617	398
617	660
617	885
617	475
617	438
617	295
618	745
618	525
618	448
618	277
618	514
618	434
618	578
618	611
618	29
618	245
619	849
619	782
619	707
619	235
619	960
619	343
619	895
619	614
619	885
619	830
620	417
620	358
620	93
620	340
620	556
620	727
620	337
620	14
620	514
620	667
621	885
621	72
621	414
621	990
621	93
621	475
621	366
621	784
621	775
621	849
622	333
622	383
622	407
622	342
622	277
622	535
622	720
622	16
622	448
622	374
623	568
623	448
623	892
623	823
623	358
623	902
623	779
623	728
623	286
623	235
624	78
624	383
624	550
624	543
624	428
624	659
624	606
624	119
624	707
624	865
625	452
625	64
625	727
625	775
625	70
625	720
625	68
625	422
625	417
625	80
626	80
626	727
626	677
626	106
626	161
626	434
626	116
626	245
626	578
626	340
627	298
627	775
627	830
627	984
627	892
627	161
627	379
627	727
627	133
627	939
628	484
628	518
628	606
628	181
628	823
628	197
628	147
628	235
628	593
628	286
629	197
629	854
629	606
629	161
629	745
629	98
629	550
629	684
629	556
629	825
630	604
630	398
630	525
630	177
630	514
630	245
630	611
630	53
630	846
630	850
631	80
631	161
631	775
631	422
631	720
631	566
631	55
631	397
631	178
631	107
632	513
632	151
632	168
632	611
632	350
632	277
632	242
632	885
632	604
632	902
633	790
633	197
633	93
633	371
633	22
633	556
633	298
633	653
633	374
633	727
634	976
634	116
634	776
634	69
634	39
634	80
634	337
634	869
634	475
634	310
635	844
635	659
635	235
635	611
635	131
635	658
635	892
635	337
635	245
635	64
636	382
636	268
636	830
636	849
636	27
636	531
636	64
636	298
636	340
636	776
637	626
637	189
637	556
637	865
637	242
637	854
637	685
637	197
637	29
637	398
638	242
638	96
638	684
638	611
638	964
638	728
638	566
638	80
638	434
638	366
639	525
639	891
639	119
639	606
639	181
639	374
639	966
639	277
639	627
639	658
640	658
640	840
640	450
640	425
640	592
640	618
640	535
640	667
640	181
640	107
641	578
641	80
641	245
641	848
641	707
641	161
641	964
641	582
641	151
641	940
642	96
642	933
642	434
642	181
642	161
642	566
642	514
642	960
642	578
642	245
643	235
643	966
643	708
643	98
643	448
643	759
643	25
643	538
643	892
643	846
644	939
644	707
644	578
644	455
644	245
644	181
644	582
644	566
644	422
644	776
645	840
645	606
645	954
645	96
645	933
645	298
645	417
645	697
645	940
645	632
646	960
646	578
646	869
646	434
646	397
646	720
646	181
646	161
646	848
646	891
647	119
647	659
647	374
647	892
647	844
647	982
647	606
647	235
647	131
647	755
648	65
648	177
648	353
648	398
648	475
648	181
648	29
648	885
648	414
648	446
649	514
649	398
649	966
649	775
649	181
649	525
649	434
649	161
649	761
649	720
650	434
650	626
650	525
650	707
650	578
650	298
650	374
650	869
650	53
650	245
651	382
651	658
651	969
651	65
651	892
651	606
651	39
651	592
651	242
651	761
652	117
652	308
652	854
652	775
652	525
652	816
652	531
652	472
652	366
652	490
653	707
653	455
653	933
653	848
653	514
653	964
653	55
653	434
653	776
653	428
654	604
654	592
654	398
654	745
654	475
654	728
654	966
654	450
654	508
654	19
